{
  "title": "Como Comprar",
  "meta_title": "Como Comprar",
  "meta_description": "Como Comprar",
  "body": "# Como Comprar\n\nSiga as instruções abaixo para comprar os produtos Papel e Estilo pela Loja de Convite!\n\n \n\n**BUSCA**\n\nPrimeiramente escolha o produto que deseja comprar. Você pode navegar pelas categorias dos produtos ou utilizar o campo de busca caso já saiba o que deseja.\n\n \n\n**COMPRAR**\n\n**1 -**    Clique no produto que deseja comprar. Na página do produto, selecione a quantidade desejada e clique em “Comprar”. Você será encaminhado para o seu carrinho de compras.\n\n**2 -**    Calcule o frete inserindo o seu CEP no campo de consulta. Selecione o envio desejado e confira o valor final.\n\n**3 -**    Clique no botão “Finalizar Compra”. Você será direcionado para as etapas de cadastro.\n\n**4 -**    Insira um email válido para iniciar seu cadastro, clique em “Continuar” e complete seu cadastro.\n\n**5 -**    Insira as informações de endereço referente ao local de entrega do seu pedido\n\n**6 -**    Escolha a sua forma de pagamento inserindo as informações solicitadas e logo após, clique em “Finalizar Compra”\n\n \n\n**CADASTRO**\n\nSe este é o seu primeiro acesso, você pode navegar em nossa loja e escolher os seus produtos. Suas informações cadastrais serão solicitadas no momento da compra.\n\nCaso já seja cadastrado em nossa loja e esteja comprando novamente, basta informar o email e o CPF usados na última compra para concluir seu pedido.\n\n \n\n**E DEPOIS?**\n\nSeu pedido será processado pelo sistema e as atualizações de status serão enviadas ao email cadastrado no momento da compra.\n\nToda a comunicação a partir da aprovação de sua compra será realizada por email.\n\n \n\nQualquer dúvida, entre em contato com nossa equipe de suporte pelo WhatsApp disponível em nossa loja.",
  "sections": [
    {
      "type": "breadcrumbs",
      "enabled": true
    },
    {
      "type": "page-title"
    },
    {
      "type": "extra-page",
      "enabled": false
    },
    {
      "type": "custom-html",
      "html": "<html>\n\n<head>\n<meta http-equiv=Content-Type content=\"text/html; charset=windows-1252\">\n<meta name=Generator content=\"Microsoft Word 15 (filtered)\">\n<style>\n<!--\n /* Font Definitions */\n @font-face\n\t{font-family:\"Cambria Math\";\n\tpanose-1:2 4 5 3 5 4 6 3 2 4;}\n@font-face\n\t{font-family:Calibri;\n\tpanose-1:2 15 5 2 2 2 4 3 2 4;}\n@font-face\n\t{font-family:Lato;\n\tpanose-1:2 15 5 2 2 2 4 3 2 3;}\n /* Style Definitions */\n p.MsoNormal, li.MsoNormal, div.MsoNormal\n\t{margin-top:0cm;\n\tmargin-right:0cm;\n\tmargin-bottom:8.0pt;\n\tmargin-left:0cm;\n\tline-height:107%;\n\tfont-size:11.0pt;\n\tfont-family:\"Calibri\",sans-serif;}\np.MsoNoSpacing, li.MsoNoSpacing, div.MsoNoSpacing\n\t{margin:0cm;\n\tfont-size:11.0pt;\n\tfont-family:\"Calibri\",sans-serif;}\n.MsoChpDefault\n\t{font-family:\"Calibri\",sans-serif;}\n.MsoPapDefault\n\t{margin-bottom:8.0pt;\n\tline-height:107%;}\n@page WordSection1\n\t{size:595.3pt 841.9pt;\n\tmargin:70.85pt 3.0cm 70.85pt 3.0cm;}\ndiv.WordSection1\n\t{page:WordSection1;}\n /* List Definitions */\n ol\n\t{margin-bottom:0cm;}\nul\n\t{margin-bottom:0cm;}\n-->\n</style>\n\n</head>\n\n<body lang=PT-BR style='word-wrap:break-word'>\n\n<div class=WordSection1>\n\n<p class=MsoNoSpacing style='line-height:150%'><span style='font-family:\"Lato\",sans-serif;\ncolor:#212529'>Siga as instruções abaixo para comprar&nbsp;os\nprodutos&nbsp;Papel e Estilo&nbsp;pela Loja de Convite!</span></p>\n\n<p class=MsoNoSpacing style='line-height:150%'><span style='font-family:\"Lato\",sans-serif;\ncolor:#212529'>&nbsp;</span></p>\n\n<p class=MsoNoSpacing style='line-height:150%'><b><span style='font-family:\n\"Lato\",sans-serif;color:#212529'>BUSCA</span></b></p>\n\n<p class=MsoNoSpacing style='line-height:150%'><span style='font-family:\"Lato\",sans-serif;\ncolor:#212529'>Primeiramente&nbsp;escolha o produto&nbsp;que deseja comprar.\nVocê pode navegar pelas categorias dos produtos ou utilizar o campo de busca\ncaso já saiba o que deseja.</span></p>\n\n<p class=MsoNoSpacing style='line-height:150%'><span style='font-family:\"Lato\",sans-serif;\ncolor:#212529'>&nbsp;</span></p>\n\n<p class=MsoNoSpacing style='line-height:150%'><b><span style='font-family:\n\"Lato\",sans-serif;color:#212529'>COMPRAR</span></b></p>\n\n<p class=MsoNoSpacing style='margin-left:36.0pt;text-indent:-18.0pt;line-height:\n150%'><b><span style='font-family:\"Lato\",sans-serif;color:#212529'>1 - <span\nstyle='font:7.0pt \"Times New Roman\"'>&nbsp;&nbsp; </span></span></b><span\nstyle='font-family:\"Lato\",sans-serif;color:#212529'>Clique no produto que\ndeseja comprar. Na página do produto, selecione a quantidade desejada e clique\nem “Comprar”. Você será encaminhado para o seu carrinho de compras. </span></p>\n\n<p class=MsoNoSpacing style='margin-left:36.0pt;text-indent:-18.0pt;line-height:\n150%'><b><span style='font-family:\"Lato\",sans-serif;color:#212529'>2 - <span\nstyle='font:7.0pt \"Times New Roman\"'>&nbsp;&nbsp; </span></span></b><span\nstyle='font-family:\"Lato\",sans-serif;color:#212529'>Calcule o frete inserindo o\nseu CEP no campo de consulta. Selecione o envio desejado e confira o valor\nfinal.</span></p>\n\n<p class=MsoNoSpacing style='margin-left:36.0pt;text-indent:-18.0pt;line-height:\n150%'><b><span style='font-family:\"Lato\",sans-serif;color:#212529'>3 - <span\nstyle='font:7.0pt \"Times New Roman\"'>&nbsp;&nbsp; </span></span></b><span\nstyle='font-family:\"Lato\",sans-serif;color:#212529'>Clique no botão “Finalizar\nCompra”. Você será direcionado para as etapas de cadastro.</span></p>\n\n<p class=MsoNoSpacing style='margin-left:36.0pt;text-indent:-18.0pt;line-height:\n150%'><b><span style='font-family:\"Lato\",sans-serif;color:#212529'>4 - <span\nstyle='font:7.0pt \"Times New Roman\"'>&nbsp;&nbsp; </span></span></b><span\nstyle='font-family:\"Lato\",sans-serif;color:#212529'>Insira um email válido para\niniciar seu cadastro, clique em “Continuar” e complete seu cadastro.</span></p>\n\n<p class=MsoNoSpacing style='margin-left:36.0pt;text-indent:-18.0pt;line-height:\n150%'><b><span style='font-family:\"Lato\",sans-serif;color:#212529'>5 - <span\nstyle='font:7.0pt \"Times New Roman\"'>&nbsp;&nbsp; </span></span></b><span\nstyle='font-family:\"Lato\",sans-serif;color:#212529'>Insira as informações de\nendereço referente ao local de entrega do seu pedido</span></p>\n\n<p class=MsoNoSpacing style='margin-left:36.0pt;text-indent:-18.0pt;line-height:\n150%'><b><span style='font-family:\"Lato\",sans-serif;color:#212529'>6 - <span\nstyle='font:7.0pt \"Times New Roman\"'>&nbsp;&nbsp; </span></span></b><span\nstyle='font-family:\"Lato\",sans-serif;color:#212529'>Escolha a sua forma de\npagamento inserindo as informações solicitadas e logo após, clique em\n“Finalizar Compra”</span></p>\n\n<p class=MsoNoSpacing style='line-height:150%'><span style='font-family:\"Lato\",sans-serif;\ncolor:#212529'>&nbsp;</span></p>\n\n<p class=MsoNoSpacing style='line-height:150%'><b><span style='font-family:\n\"Lato\",sans-serif;color:#212529'>CADASTRO</span></b></p>\n\n<p class=MsoNoSpacing style='line-height:150%'><span style='font-family:\"Lato\",sans-serif;\ncolor:#212529'>Se este é o seu primeiro acesso, você pode navegar em nossa loja\ne escolher os seus produtos. Suas informações cadastrais serão solicitadas no\nmomento da compra.</span></p>\n\n<p class=MsoNoSpacing style='line-height:150%'><span style='font-family:\"Lato\",sans-serif;\ncolor:#212529'>Caso já seja cadastrado em nossa loja e esteja comprando\nnovamente, basta informar o email e o CPF usados na última compra para concluir\nseu pedido.</span></p>\n\n<p class=MsoNoSpacing style='line-height:150%'><span style='font-family:\"Lato\",sans-serif;\ncolor:#212529'>&nbsp;</span></p>\n\n<p class=MsoNoSpacing style='line-height:150%'><b><span style='font-family:\n\"Lato\",sans-serif;color:#212529'>E DEPOIS?</span></b></p>\n\n<p class=MsoNoSpacing style='line-height:150%'><span style='font-family:\"Lato\",sans-serif;\ncolor:#212529'>Seu pedido será processado pelo sistema e as atualizações de\nstatus serão enviadas ao email cadastrado no momento da compra.</span></p>\n\n<p class=MsoNoSpacing style='line-height:150%'><span style='font-family:\"Lato\",sans-serif;\ncolor:#212529'>Toda a comunicação a partir da aprovação de sua compra será\nrealizada por email.</span></p>\n\n<p class=MsoNoSpacing style='line-height:150%'><span style='font-family:\"Lato\",sans-serif;\ncolor:#212529'>&nbsp;</span></p>\n\n<p class=MsoNoSpacing style='line-height:150%'><span style='font-family:\"Lato\",sans-serif;\ncolor:#212529'>Qualquer dúvida, entre em contato com nossa equipe de suporte\npelo WhatsApp disponível em nossa loja.</span></p>\n\n<p class=MsoNormal style='line-height:150%'><span style='font-family:\"Lato\",sans-serif;\ncolor:#212529'>&nbsp;</span></p>\n\n</div>\n\n</body>\n\n</html>"
    }
  ]
}