{
  "title": "Política de Privacidade",
  "body": "# Política de Privacidade\n\nEsta Política de privacidade descreve como suas informações pessoais são coletadas, usadas e compartilhadas quando você visita ou faz uma compra em nosso site.\n\n \n\n**INFORMAÇÕES PESSOAIS QUE COLETAMOS**\n\nQuando você visita nosso site, podemos coletar automaticamente determinadas informações sobre o seu dispositivo, incluindo informações sobre seu navegador da web, endereço IP, fuso horário e de alguns dos cookies instalados no seu dispositivo. Além disso, à medida que você navega no site, coletamos informações sobre as páginas da web ou produtos individuais que você visualiza, quais sites ou termos de pesquisa que indicaram o site a você e informações sobre como você interage com o site. Referimo-nos a essa informação coletada automaticamente como “Informações do dispositivo”.\n\n \n\n**COLETAMOS INFORMAÇÕES DO DISPOSITIVO USANDO AS SEGUINTES TECNOLOGIAS:**\n\nCookies – Segue uma lista dos cookies que usamos. Nós os listamos para que você possa escolher se você quer optar pelos cookies.\n\n·         “**Arquivos de log**” rastreiam ações que ocorrem no Site e coletam dados, incluindo seu endereço IP, tipo de navegador, provedor de serviços de Internet, páginas de referência/saída e registros de data/hora.\n\n·         “**Beacons da web**”, “**tags**” e “**pixels**” são arquivos eletrônicos usados para registrar informações sobre como você navega no Site.\n\nAlém disso, quando você faz uma compra ou tenta fazer uma compra no site, nós coletamos algumas informações suas, incluindo seu nome, endereço de faturamento, endereço de entrega, informações de pagamento (incluindo números de cartão de crédito), endereço de e-mail e número de telefone. Nós chamamos essas informações de “Informações do pedido”.\n\nQuando falamos sobre “Informações pessoais” nesta Política de privacidade, estamos falando sobre Informações do dispositivo e Informações do pedido.\n\n \n\n**COMO USAMOS SUAS INFORMAÇÕES PESSOAIS?**\n\nEm geral, nós usamos as Informações do pedido que coletamos para processar quaisquer pedidos feitos por meio do site (incluindo o processamento das suas informações de pagamento, a organização do frete e o fornecimento de faturas e/ou confirmações de pedidos). Além disso, usamos essas Informações do pedido para: nos comunicarmos com você; rastrear nossos pedidos para identificar possíveis riscos ou fraudes; e quando de acordo com as preferências que você compartilhou conosco, para fornecer informações ou publicidade relacionadas aos nossos produtos ou serviços.\n\nNós usamos as Informações do dispositivo que coletamos para nos ajudar a rastrear possíveis riscos e fraudes (especificamente seu endereço IP) e, de forma mais geral, para melhorar e otimizar o nosso site (por exemplo, gerando análises sobre como nossos clientes navegam e interagem com o site, e para avaliar o sucesso das nossas campanhas de marketing e publicidade).\n\n \n\nNos comprometemos a preservar os dados de todos os clientes. Informações importantes como senha e CPF são criptografadas no momento do cadastro, antes de serem salvas. A finalização da sua compra será realizada em ambiente seguro e nenhuma informação relacionada a cartões de crédito ou contas bancárias será armazenada em nossos bancos de dados.\n\n \n\n**COMPARTILHAMENTO DE SUAS INFORMAÇÕES PESSOAIS**\n\nNós compartilhamos suas Informações pessoais com terceiros para nos ajudar a usá-las conforme descrito acima. Usamos o Google Analytics para nos ajudar a entender como nossos clientes usam o Site. Você pode ler mais sobre como o Google usa suas Informações pessoais aqui: https://www.google.com/intl/pt-BR/policies/privacy/. Você também pode desativar o Google Analytics aqui: https://tools.google.com/dlpage/gaoptout.\n\nPor fim, podemos também compartilhar suas Informações pessoais para cumprir com as leis e regulamentos cabíveis, para responder a uma intimação, mandado de busca ou outra solicitação legal de informações que recebermos, ou para proteger nossos direitos.\n\n \n\n**PUBLICIDADE COMPORTAMENTAL**\n\nConforme descrito acima, nós usamos suas Informações pessoais para fornecer anúncios ou comunicações de marketing segmentadas que acreditamos ser de seu interesse. Para saber mais sobre como a publicidade segmentada funciona, visite a página educacional da Network Advertising Initiative (“NAI”) em http://www.networkadvertising.org/understanding-online-advertising/how-does-it-work.\n\n \n\nVocê pode desativar a publicidade segmentada usando os links abaixo:\n\n·         **FACEBOOK** – https://www.facebook.com/settings/?tab=ads\n\n·         **GOOGLE** – https://www.google.com/settings/ads/anonymous\n\n·         **BING** – https://advertise.bingads.microsoft.com/en-us/resources/policies/personalized-ads\n\n \n\n \n\nAlém disso, é possível desativar alguns desses serviços acessando o portal de descadastramento da Digital Advertising Alliance em http://optout.aboutads.info/.\n\n \n\n**RETENÇÃO DE DADOS**\n\nAo fazer um pedido no site, nós manteremos suas Informações do pedido em nossos registros a menos e até que você nos peça para excluir essas informações.\n\n \n\n**MUDANÇAS**\n\nNós podemos atualizar esta Política de privacidade periodicamente para refletir, por exemplo, mudanças em nossas práticas ou por outros motivos operacionais, legais ou regulamentares. Qualquer alteração sobre nossa Política de privacidade será devidamente informada nesta página.",
  "meta_title": "Política de Privacidade",
  "meta_description": "Política de Privacidade",
  "sections": [
    {
      "type": "breadcrumbs",
      "enabled": true
    },
    {
      "type": "page-title"
    },
    {
      "type": "extra-page",
      "enabled": false
    },
    {
      "type": "custom-html",
      "html": "<html>\n\n<head>\n<meta http-equiv=Content-Type content=\"text/html; charset=windows-1252\">\n<meta name=Generator content=\"Microsoft Word 15 (filtered)\">\n<style>\n<!--\n /* Font Definitions */\n @font-face\n\t{font-family:Wingdings;\n\tpanose-1:5 0 0 0 0 0 0 0 0 0;}\n@font-face\n\t{font-family:\"Cambria Math\";\n\tpanose-1:2 4 5 3 5 4 6 3 2 4;}\n@font-face\n\t{font-family:Calibri;\n\tpanose-1:2 15 5 2 2 2 4 3 2 4;}\n@font-face\n\t{font-family:Lato;\n\tpanose-1:2 15 5 2 2 2 4 3 2 3;}\n /* Style Definitions */\n p.MsoNoSpacing, li.MsoNoSpacing, div.MsoNoSpacing\n\t{margin:0cm;\n\tfont-size:11.0pt;\n\tfont-family:\"Calibri\",sans-serif;}\n.MsoChpDefault\n\t{font-size:10.0pt;\n\tfont-family:\"Calibri\",sans-serif;}\n.MsoPapDefault\n\t{margin-bottom:8.0pt;\n\tline-height:106%;}\n@page WordSection1\n\t{size:595.3pt 841.9pt;\n\tmargin:70.85pt 3.0cm 70.85pt 3.0cm;}\ndiv.WordSection1\n\t{page:WordSection1;}\n /* List Definitions */\n ol\n\t{margin-bottom:0cm;}\nul\n\t{margin-bottom:0cm;}\n-->\n</style>\n\n</head>\n\n<body lang=PT-BR link=blue vlink=\"#954F72\" style='word-wrap:break-word'>\n\n<div class=WordSection1>\n\n<p class=MsoNoSpacing style='line-height:150%'><span style='font-family:\"Lato\",sans-serif;\ncolor:#212529'>Esta Política de privacidade descreve como suas informações\npessoais são coletadas, usadas e compartilhadas quando você visita ou faz uma\ncompra em nosso site.</span></p>\n\n<p class=MsoNoSpacing style='line-height:150%'><span style='font-family:\"Lato\",sans-serif;\ncolor:#212529'>&nbsp;</span></p>\n\n<p class=MsoNoSpacing style='line-height:150%'><b><span style='font-family:\n\"Lato\",sans-serif;color:#212529'>INFORMAÇÕES PESSOAIS QUE COLETAMOS</span></b></p>\n\n<p class=MsoNoSpacing style='line-height:150%'><span style='font-family:\"Lato\",sans-serif;\ncolor:#212529'>Quando você visita nosso site, podemos coletar automaticamente\ndeterminadas informações sobre o seu dispositivo, incluindo informações sobre\nseu navegador da web, endereço IP, fuso horário e de alguns dos cookies\ninstalados no seu dispositivo. Além disso, à medida que você navega no site,\ncoletamos informações sobre as páginas da web ou produtos individuais que você\nvisualiza, quais sites ou termos de pesquisa que indicaram o site a você e\ninformações sobre como você interage com o site. Referimo-nos a essa informação\ncoletada automaticamente como “Informações do dispositivo”.</span></p>\n\n<p class=MsoNoSpacing style='line-height:150%'><span style='font-family:\"Lato\",sans-serif;\ncolor:#212529'>&nbsp;</span></p>\n\n<p class=MsoNoSpacing style='line-height:150%'><b><span style='font-family:\n\"Lato\",sans-serif;color:#212529'>COLETAMOS INFORMAÇÕES DO DISPOSITIVO USANDO AS\nSEGUINTES TECNOLOGIAS:</span></b></p>\n\n<p class=MsoNoSpacing style='line-height:150%'><span style='font-family:\"Lato\",sans-serif;\ncolor:#212529'>Cookies – Segue uma lista dos cookies que usamos. Nós os\nlistamos para que você possa escolher se você quer optar pelos cookies.</span></p>\n\n<p class=MsoNoSpacing style='margin-left:36.0pt;text-indent:-18.0pt;line-height:\n150%'><span style='font-family:Symbol'>·<span style='font:7.0pt \"Times New Roman\"'>&nbsp;&nbsp;&nbsp;&nbsp;&nbsp;&nbsp;&nbsp;&nbsp;\n</span></span><span style='font-family:\"Lato\",sans-serif;color:#212529'>“<b>Arquivos\nde log</b>” rastreiam ações que ocorrem no Site e coletam dados, incluindo seu\nendereço IP, tipo de navegador, provedor de serviços de Internet, páginas de\nreferência/saída e registros de data/hora.</span></p>\n\n<p class=MsoNoSpacing style='margin-left:36.0pt;text-indent:-18.0pt;line-height:\n150%'><span style='font-family:Symbol'>·<span style='font:7.0pt \"Times New Roman\"'>&nbsp;&nbsp;&nbsp;&nbsp;&nbsp;&nbsp;&nbsp;&nbsp;\n</span></span><span style='font-family:\"Lato\",sans-serif;color:#212529'>“<b>Beacons\nda web</b>”, “<b>tags</b>” e “<b>pixels</b>” são arquivos eletrônicos usados\npara registrar informações sobre como você navega no Site.</span></p>\n\n<p class=MsoNoSpacing style='line-height:150%'><span style='font-family:\"Lato\",sans-serif;\ncolor:#212529'>Além disso, quando você faz uma compra ou tenta fazer uma compra\nno site, nós coletamos algumas informações suas, incluindo seu nome, endereço\nde faturamento, endereço de entrega, informações de pagamento (incluindo\nnúmeros de cartão de crédito), endereço de e-mail e número de telefone. Nós\nchamamos essas informações de “Informações do pedido”.</span></p>\n\n<p class=MsoNoSpacing style='line-height:150%'><span style='font-family:\"Lato\",sans-serif;\ncolor:#212529'>Quando falamos sobre “Informações pessoais” nesta Política de\nprivacidade, estamos falando sobre Informações do dispositivo e Informações do\npedido.</span></p>\n\n<p class=MsoNoSpacing style='line-height:150%'><span style='font-family:\"Lato\",sans-serif;\ncolor:#212529'>&nbsp;</span></p>\n\n<p class=MsoNoSpacing style='line-height:150%'><b><span style='font-family:\n\"Lato\",sans-serif;color:#212529'>COMO USAMOS SUAS INFORMAÇÕES PESSOAIS?</span></b></p>\n\n<p class=MsoNoSpacing style='line-height:150%'><span style='font-family:\"Lato\",sans-serif;\ncolor:#212529'>Em geral, nós usamos as Informações do pedido que coletamos para\nprocessar quaisquer pedidos feitos por meio do site (incluindo o processamento\ndas suas informações de pagamento, a organização do frete e o fornecimento de\nfaturas e/ou confirmações de pedidos). Além disso, usamos essas Informações do\npedido para: nos comunicarmos com você; rastrear nossos pedidos para\nidentificar possíveis riscos ou fraudes; e quando de acordo com as preferências\nque você compartilhou conosco, para fornecer informações ou publicidade\nrelacionadas aos nossos produtos ou serviços.</span></p>\n\n<p class=MsoNoSpacing style='line-height:150%'><span style='font-family:\"Lato\",sans-serif;\ncolor:#212529'>Nós usamos as Informações do dispositivo que coletamos para nos\najudar a rastrear possíveis riscos e fraudes (especificamente seu endereço IP)\ne, de forma mais geral, para melhorar e otimizar o nosso site (por exemplo,\ngerando análises sobre como nossos clientes navegam e interagem com o site, e\npara avaliar o sucesso das nossas campanhas de marketing e publicidade).</span></p>\n\n<p class=MsoNoSpacing style='line-height:150%'><span style='font-family:\"Lato\",sans-serif;\ncolor:#212529'>&nbsp;</span></p>\n\n<p class=MsoNoSpacing style='line-height:150%'><span style='font-family:\"Lato\",sans-serif;\ncolor:#212529'>Nos comprometemos a preservar os dados de todos os clientes.\nInformações importantes como senha e CPF são criptografadas no momento do\ncadastro, antes de serem salvas. A finalização da sua compra será realizada em\nambiente seguro e nenhuma informação relacionada a cartões de crédito ou contas\nbancárias será armazenada em nossos bancos de dados.</span></p>\n\n<p class=MsoNoSpacing style='line-height:150%'><span style='font-family:\"Lato\",sans-serif;\ncolor:#212529'>&nbsp;</span></p>\n\n<p class=MsoNoSpacing style='line-height:150%'><b><span style='font-family:\n\"Lato\",sans-serif;color:#212529'>COMPARTILHAMENTO DE SUAS INFORMAÇÕES PESSOAIS</span></b></p>\n\n<p class=MsoNoSpacing style='line-height:150%'><span style='font-family:\"Lato\",sans-serif;\ncolor:#212529'>Nós compartilhamos suas Informações pessoais com terceiros para\nnos ajudar a usá-las conforme descrito acima. Usamos o Google Analytics para\nnos ajudar a entender como nossos clientes usam o Site. Você pode ler mais\nsobre como o Google usa suas Informações pessoais aqui:\nhttps://www.google.com/intl/pt-BR/policies/privacy/. Você também pode desativar\no Google Analytics aqui: https://tools.google.com/dlpage/gaoptout.</span></p>\n\n<p class=MsoNoSpacing style='line-height:150%'><span style='font-family:\"Lato\",sans-serif;\ncolor:#212529'>Por fim, podemos também compartilhar suas Informações pessoais\npara cumprir com as leis e regulamentos cabíveis, para responder a uma\nintimação, mandado de busca ou outra solicitação legal de informações que\nrecebermos, ou para proteger nossos direitos.</span></p>\n\n<p class=MsoNoSpacing style='line-height:150%'><span style='font-family:\"Lato\",sans-serif;\ncolor:#212529'>&nbsp;</span></p>\n\n<p class=MsoNoSpacing style='line-height:150%'><b><span style='font-family:\n\"Lato\",sans-serif;color:#212529'>PUBLICIDADE COMPORTAMENTAL</span></b></p>\n\n<p class=MsoNoSpacing style='line-height:150%'><span style='font-family:\"Lato\",sans-serif;\ncolor:#212529'>Conforme descrito acima, nós usamos suas Informações pessoais\npara fornecer anúncios ou comunicações de marketing segmentadas que acreditamos\nser de seu interesse. Para saber mais sobre como a publicidade segmentada\nfunciona, visite a página educacional da Network Advertising Initiative (“NAI”)\nem\nhttp://www.networkadvertising.org/understanding-online-advertising/how-does-it-work.</span></p>\n\n<p class=MsoNoSpacing style='line-height:150%'><span style='font-family:\"Lato\",sans-serif;\ncolor:#212529'>&nbsp;</span></p>\n\n<p class=MsoNoSpacing style='line-height:150%'><span style='font-family:\"Lato\",sans-serif;\ncolor:#212529'>Você pode desativar a publicidade segmentada usando os links\nabaixo:</span></p>\n\n<p class=MsoNoSpacing style='margin-left:36.0pt;text-indent:-18.0pt;line-height:\n150%'><span style='font-family:Symbol;color:#212529'>·</span><span\nstyle='font-size:7.0pt;line-height:150%;font-family:\"Times New Roman\",serif;\ncolor:#212529'>&nbsp;&nbsp;&nbsp;&nbsp;&nbsp;&nbsp;&nbsp;&nbsp; </span><b><span\nstyle='font-family:\"Lato\",sans-serif;color:#212529'>FACEBOOK</span></b><span\nstyle='font-family:\"Lato\",sans-serif;color:#212529'> – https://www.facebook.com/settings/?tab=ads</span></p>\n\n<p class=MsoNoSpacing style='margin-left:36.0pt;text-indent:-18.0pt;line-height:\n150%'><span style='font-family:Symbol;color:#212529'>·</span><span\nstyle='font-size:7.0pt;line-height:150%;font-family:\"Times New Roman\",serif;\ncolor:#212529'>&nbsp;&nbsp;&nbsp;&nbsp;&nbsp;&nbsp;&nbsp;&nbsp; </span><b><span\nstyle='font-family:\"Lato\",sans-serif;color:#212529'>GOOGLE</span></b><span\nstyle='font-family:\"Lato\",sans-serif;color:#212529'> – https://www.google.com/settings/ads/anonymous</span></p>\n\n<p class=MsoNoSpacing style='margin-left:36.0pt;text-indent:-18.0pt;line-height:\n150%'><span style='font-family:Symbol;color:#212529'>·</span><span\nstyle='font-size:7.0pt;line-height:150%;font-family:\"Times New Roman\",serif;\ncolor:#212529'>&nbsp;&nbsp;&nbsp;&nbsp;&nbsp;&nbsp;&nbsp;&nbsp; </span><b><span\nstyle='font-family:\"Lato\",sans-serif;color:#212529'>BING</span></b><span\nstyle='font-family:\"Lato\",sans-serif;color:#212529'> – https://advertise.bingads.microsoft.com/en-us/resources/policies/personalized-ads</span></p>\n\n<p class=MsoNoSpacing style='margin-left:36.0pt;line-height:150%'><span\nstyle='font-family:\"Lato\",sans-serif;color:#212529'>&nbsp;</span></p>\n\n<p class=MsoNoSpacing style='line-height:150%'><span style='font-family:\"Lato\",sans-serif;\ncolor:#212529'>&nbsp;</span></p>\n\n<p class=MsoNoSpacing style='line-height:150%'><span style='font-family:\"Lato\",sans-serif;\ncolor:#212529'>Além disso, é possível desativar alguns desses serviços\nacessando o portal de descadastramento da Digital Advertising Alliance em\nhttp://optout.aboutads.info/.</span></p>\n\n<p class=MsoNoSpacing style='line-height:150%'><span style='font-family:\"Lato\",sans-serif;\ncolor:#212529'>&nbsp;</span></p>\n\n<p class=MsoNoSpacing style='line-height:150%'><b><span style='font-family:\n\"Lato\",sans-serif;color:#212529'>RETENÇÃO DE DADOS</span></b></p>\n\n<p class=MsoNoSpacing style='line-height:150%'><span style='font-family:\"Lato\",sans-serif;\ncolor:#212529'>Ao fazer um pedido no site, nós manteremos suas Informações do\npedido em nossos registros a menos e até que você nos peça para excluir essas\ninformações.</span></p>\n\n<p class=MsoNoSpacing style='line-height:150%'><span style='font-family:\"Lato\",sans-serif;\ncolor:#212529'>&nbsp;</span></p>\n\n<p class=MsoNoSpacing style='line-height:150%'><b><span style='font-family:\n\"Lato\",sans-serif;color:#212529'>MUDANÇAS</span></b></p>\n\n<p class=MsoNoSpacing style='line-height:150%'><span style='font-family:\"Lato\",sans-serif;\ncolor:#212529'>Nós podemos atualizar esta Política de privacidade\nperiodicamente para refletir, por exemplo, mudanças em nossas práticas ou por\noutros motivos operacionais, legais ou regulamentares. <span style='background:\n#FCFCFC'>Qualquer alteração sobre nossa Política de privacidade será\ndevidamente informada nesta página.</span></span></p>\n\n</div>\n\n</body>\n\n</html>"
    }
  ]
}