{
  "title": "Sobre Nós",
  "meta_title": "Sobre Nós",
  "meta_description": "Sobre Nós",
  "body": "A Grafjet é uma gráfica especializada em impressos para eventos e papelaria personalizada, fundada em 1990 por Alexandre e Fernanda Graziadio.\n\nPrimando por atendimentos e projetos diferenciados de convites e cartões, usando a criatividade aliada ao desejo dos clientes, traduz em seus impressos a unicidade dos momentos comemorados. Atualizada com o mercado nacional e internacional, oferece uma variada gama de papéis, acessórios e técnicas.\n\nA empresa tem sede e parque gráfico em Porto Alegre e atende todo o Brasil\n\nNavegue pelo site e descubra o que a Grafjet tem a lhe oferecer!",
  "sections": [
    {
      "type": "breadcrumbs",
      "enabled": true
    },
    {
      "type": "page-title"
    },
    {
      "type": "extra-page",
      "enabled": false
    },
    {
      "type": "custom-html",
      "html": "\n<html>\n\n<head>\n<meta http-equiv=Content-Type content=\"text/html; charset=windows-1252\">\n<meta name=Generator content=\"Microsoft Word 15 (filtered)\">\n<style>\n<!--\n /* Font Definitions */\n /*@font-face\n\t{font-family:\"Cambria Math\";\n\tpanose-1:2 4 5 3 5 4 6 3 2 4;}\n@font-face\n\t{font-family:Calibri;\n\tpanose-1:2 15 5 2 2 2 4 3 2 4;}*/\n@font-face\n\t{font-family:Lato;\n\tpanose-1:2 15 5 2 2 2 4 3 2 3;}\n /* Style Definitions */\n p.MsoNormal, li.MsoNormal, div.MsoNormal\n\t{margin-top:0cm;\n\tmargin-right:0cm;\n\tmargin-bottom:8.0pt;\n\tmargin-left:0cm;\n\tline-height:107%;\n\tfont-size:11.0pt;\n\tfont-family:\"Calibri\",sans-serif;}\np.MsoNoSpacing, li.MsoNoSpacing, div.MsoNoSpacing\n\t{margin:0cm;\n\tfont-size:11.0pt;\n\tfont-family:\"Calibri\",sans-serif;}\n.MsoChpDefault\n\t{font-family:\"Calibri\",sans-serif;}\n.MsoPapDefault\n\t{margin-bottom:8.0pt;\n\tline-height:107%;}\n@page WordSection1\n\t{size:595.3pt 841.9pt;\n\tmargin:70.85pt 3.0cm 70.85pt 3.0cm;}\ndiv.WordSection1\n\t{page:WordSection1;}\n-->\n</style>\n\n</head>\n\n<body lang=PT-BR style='word-wrap:break-word'>\n\n<div class=WordSection1>\n\n<p class=MsoNoSpacing style='line-height:150%'><span style='font-family:\"Lato\",sans-serif'>A\nGrafjet é uma gráfica especializada em impressos para eventos e papelaria\npersonalizada, fundada em 1990 por Alexandre e Fernanda Graziadio.</span></p>\n\n<p class=MsoNoSpacing style='line-height:150%'><span style='font-family:\"Lato\",sans-serif'>&nbsp;</span></p>\n\n<p class=MsoNoSpacing style='line-height:150%'><span style='font-family:\"Lato\",sans-serif'>Primando\npor atendimentos e projetos diferenciados de convites e cartões, usando a\ncriatividade aliada ao desejo dos clientes, traduz em seus impressos a\nunicidade dos momentos comemorados. Atualizada com o mercado nacional e\ninternacional, oferece uma variada gama de papéis, acessórios e técnicas.</span></p>\n\n<p class=MsoNoSpacing style='line-height:150%'><span style='font-family:\"Lato\",sans-serif'>&nbsp;</span></p>\n\n<p class=MsoNoSpacing style='line-height:150%'><span style='font-family:\"Lato\",sans-serif'>A\nempresa tem sede e parque gráfico em Porto Alegre e atende todo o Brasil</span></p>\n\n<p class=MsoNoSpacing style='line-height:150%'><span style='font-family:\"Lato\",sans-serif'>&nbsp;</span></p>\n\n<p class=MsoNoSpacing style='line-height:150%'><span style='font-family:\"Lato\",sans-serif'>Navegue\npelo site e descubra o que a Grafjet tem a lhe oferecer!</span></p>\n\n<p class=MsoNormal style='line-height:150%'><span style='font-family:\"Lato\",sans-serif'>&nbsp;</span></p>\n\n</div>\n\n</body>\n\n</html>\n"
    },
    {
      "type": "custom-html",
      "html": "<html>\n<body>\n<tr> \n<td width=\"400\" height=\"394\" colspan=\"3\" align=\"center\" valign=\"center\" bgcolor=\"#5F4E3A\">\n          <video id=\"player\" preload=\"metadata\" width=\"100%\" height=\"100%\" src=\"https://grafjet.com.br/imgs/video/grafjet.mp4\" controls=\"\" poster=\"https://grafjet.com.br/imgs/video/grafjet.png\" loop=\"\"></video>\n          </td>\n        </tr>\n </body>\n</html>"
    }
  ]
}