{
  "title": "Técnicas de Produção",
  "meta_title": "Técnicas de Produção",
  "meta_description": "Técnicas de Produção",
  "sections": [
    {
      "type": "breadcrumbs",
      "enabled": true
    },
    {
      "type": "page-title"
    },
    {
      "type": "extra-page",
      "enabled": false
    },
    {
      "type": "custom-html",
      "html": "<html>\n\n<head>\n<meta http-equiv=Content-Type content=\"text/html; charset=windows-1252\">\n<meta name=Generator content=\"Microsoft Word 15 (filtered)\">\n<style>\n<!--\n /* Font Definitions */\n @font-face\n\t{font-family:\"Cambria Math\";\n\tpanose-1:2 4 5 3 5 4 6 3 2 4;}\n@font-face\n\t{font-family:Calibri;\n\tpanose-1:2 15 5 2 2 2 4 3 2 4;}\n@font-face\n\t{font-family:Lato;\n\tpanose-1:2 15 5 2 2 2 4 3 2 3;}\n /* Style Definitions */\n p.MsoNormal, li.MsoNormal, div.MsoNormal\n\t{margin-top:0cm;\n\tmargin-right:0cm;\n\tmargin-bottom:8.0pt;\n\tmargin-left:0cm;\n\tline-height:107%;\n\tfont-size:11.0pt;\n\tfont-family:\"Calibri\",sans-serif;}\np.MsoNoSpacing, li.MsoNoSpacing, div.MsoNoSpacing\n\t{margin:0cm;\n\tfont-size:11.0pt;\n\tfont-family:\"Calibri\",sans-serif;}\n.MsoChpDefault\n\t{font-family:\"Calibri\",sans-serif;}\n.MsoPapDefault\n\t{margin-bottom:8.0pt;\n\tline-height:107%;}\n@page WordSection1\n\t{size:595.3pt 841.9pt;\n\tmargin:70.85pt 3.0cm 70.85pt 3.0cm;}\ndiv.WordSection1\n\t{page:WordSection1;}\n-->\n</style>\n\n</head>\n\n<body lang=PT-BR link=blue vlink=\"#954F72\" style='word-wrap:break-word'>\n\n<div class=WordSection1>\n\n<p class=MsoNoSpacing style='line-height:150%'><span style='font-family:\"Lato\",sans-serif;\ncolor:#212529'>Preparamos breves explicações sobre as nossas técnicas de\nprodução, para que você entenda um pouco melhor os termos que aparecem nas\ndescrições dos nossos produtos e possa escolher seus convites com mais tranquilidade.</span></p>\n\n<p class=MsoNoSpacing style='line-height:150%'><span style='font-family:\"Lato\",sans-serif;\ncolor:#212529'>&nbsp;</span></p>\n\n<p class=MsoNoSpacing style='line-height:150%'><b><span style='font-family:\n\"Lato\",sans-serif;color:#212529'>SERIGRAFIA:</span></b></p>\n\n<p class=MsoNoSpacing style='line-height:150%'><span style='font-family:\"Lato\",sans-serif;\ncolor:#212529'>A serigrafia proporciona um leve relevo e brilho na impressão.\nAlém disso, a serigrafia possibilita a impressão de cores claras em papeis\nescuros, como uma cor branca sobre um papel azul marinho.</span></p>\n\n<p class=MsoNoSpacing style='line-height:150%'><span style='font-family:\"Lato\",sans-serif;\ncolor:#212529'>Tecnicamente, é realizada a partir de uma tela com a área de\nimpressão vazada que permite a passagem da tinta para o papel. </span></p>\n\n<p class=MsoNoSpacing style='line-height:150%'><span style='font-family:\"Lato\",sans-serif;\ncolor:#212529'>&nbsp;</span></p>\n\n<p class=MsoNoSpacing style='line-height:150%'><b><span style='font-family:\n\"Lato\",sans-serif;color:#212529'>IMPRESSÃO DIGITAL:</span></b></p>\n\n<p class=MsoNoSpacing style='line-height:150%'><span style='font-family:\"Lato\",sans-serif;\ncolor:#212529'>A impressão digital possibilita que textos e imagens sejam\nreproduzidos sem limitações de número de cores. Ela é muito utilizada para a\nimpressão de forros em envelopes, imagens e até mesmo textos. Por ser uma\nimpressão automatizada, seu processo de produção é rápido e de ótima qualidade.\nA Grafjet possui máquinas de impressão digital de última geração,\npossibilitando a impressão em grandes formatos e em diferentes texturas e\ngramaturas de papel, sempre com alta qualidade de impressão. </span></p>\n\n<p class=MsoNoSpacing style='line-height:150%'><span style='font-family:\"Lato\",sans-serif;\ncolor:#212529'>&nbsp;</span></p>\n\n<p class=MsoNoSpacing style='line-height:150%'><b><span style='font-family:\n\"Lato\",sans-serif;color:#212529'>RELEVO SECO:</span></b></p>\n\n<p class=MsoNoSpacing style='line-height:150%'><span style='font-family:\"Lato\",sans-serif;\ncolor:#212529'>Essa técnica, muito utilizada em&nbsp;convites de casamento, marca\no papel gerando um relevo, como o próprio nome sinaliza. A técnica de relevo\npode ser aplicada em conjunto com a impressão, destacando ainda mais o\nelemento, como um monograma ou um símbolo. Tecnicamente, uma placa metálica\n(clichê) com o desenho a ser destacado é pressionado mecanicamente e com\npressão controlada sobre o papel dando o efeito de alto relevo. Um detalhe que\ndeixa o material ainda mais sofisticado e pode <strong><span style='font-family:\n\"Lato\",sans-serif;font-weight:normal'>destacar as iniciais ou monograma dos\nnoivos</span></strong>, como também em algum outro detalhe do convite.</span></p>\n\n<p class=MsoNoSpacing style='line-height:150%'><span style='font-family:\"Lato\",sans-serif;\ncolor:#212529'>&nbsp;</span></p>\n\n<p class=MsoNoSpacing style='line-height:150%'><b><span style='font-family:\n\"Lato\",sans-serif;color:#212529'>HOT STAMPING:</span></b></p>\n\n<p class=MsoNoSpacing style='line-height:150%'><strong><span style='font-family:\n\"Lato\",sans-serif;color:#212529;font-weight:normal'>O Hot Stamping</span></strong><span\nstyle='font-family:\"Lato\",sans-serif;color:#212529'>&nbsp;é um sistema de\nimpressão para pequenos detalhes, monogramas, nomes ou frases, sendo uma\ntécnica bastante utilizada em convites. O resultado é um&nbsp;<strong><span\nstyle='font-family:\"Lato\",sans-serif;font-weight:normal'>efeito metalizado</span></strong>&nbsp;na\nimpressão.</span></p>\n\n<p class=MsoNoSpacing style='line-height:150%'><span style='font-family:\"Lato\",sans-serif;\ncolor:#212529'>Tecnicamente, uma placa metálica (clichê) com o desenho a ser\ndestacado é aquecida e pressionada mecanicamente contra a fita metálica que\nfica entre o clichê e o papel. O efeito metalizado é fixado ao papel apenas nas\náreas onde o clichê aquecido o pressionou. <strong><span style='font-family:\n\"Lato\",sans-serif;font-weight:normal'>O resultado é um acabamento detalhado e\nsofisticado.</span></strong></span></p>\n\n<p class=MsoNoSpacing style='line-height:150%'><span style='font-family:\"Lato\",sans-serif;\ncolor:#212529'>&nbsp;</span></p>\n\n<p class=MsoNoSpacing style='line-height:150%'><b><span style='font-family:\n\"Lato\",sans-serif;color:#212529'>MOLDURA ALMOFADA:</span></b></p>\n\n<p class=MsoNoSpacing style='line-height:150%'><span style='font-family:\"Lato\",sans-serif;\ncolor:#212529'>A moldura almofada é uma marcação feita em alto relevo no\nconvite interno. Em alguns modelos ela pode ser feita em baixo relevo, onde sua\nnomenclatura é moldura almofada inversa. Oferece um acabamento elegante ao\ncartão, chamando atenção dos convidados pelo cuidado especial.</span></p>\n\n<p class=MsoNoSpacing style='line-height:150%'><span style='font-family:\"Lato\",sans-serif;\ncolor:#212529'>Tecnicamente o processo é similar ao de relevo seco, porém são\nutilizadas facas (moldes) ao invés de clichês.</span></p>\n\n<p class=MsoNoSpacing style='line-height:150%'><span style='font-family:\"Lato\",sans-serif;\ncolor:#212529'>&nbsp;</span></p>\n\n<p class=MsoNoSpacing style='line-height:150%'><b><span style='font-family:\n\"Lato\",sans-serif;color:#212529'>FORRO INTERNO:</span></b></p>\n\n<p class=MsoNoSpacing style='line-height:150%'><span style='font-family:\"Lato\",sans-serif;\ncolor:#212529'>Esse é um dos&nbsp;<strong><span style='font-family:\"Lato\",sans-serif;\nfont-weight:normal'>acabamentos para envelopes</span></strong>&nbsp;mais tradicionais\ne atemporais. É impossível disfarçar a surpresa ao abrir o convite e encontrar\num forro criativo – diferente de tudo.</span></p>\n\n<p class=MsoNoSpacing style='line-height:150%'><span style='font-family:\"Lato\",sans-serif;\ncolor:#212529'>Em nossa loja são disponibilizados diversos modelos com forro\ninterno, desde os mais tradicionais como florais, até os mais contemporâneos e\ndespojados.</span></p>\n\n<p class=MsoNoSpacing style='line-height:150%'><span style='font-family:\"Lato\",sans-serif;\ncolor:#212529'>Tecnicamente, uma impressão é aplicada ao envelope durante seu\nprocesso de produção, antes deste ser dobrado e colado. Esta impressão pode ser\ndigital ou serigráfica, dependendo do modelo escolhido.</span></p>\n\n<p class=MsoNoSpacing style='line-height:150%'><span style='font-family:\"Lato\",sans-serif;\ncolor:#212529'>&nbsp;</span></p>\n\n<p class=MsoNoSpacing style='line-height:150%'><b><span style='font-family:\n\"Lato\",sans-serif;color:#212529'>CALIGRAFIA AUTOMATIZADA:</span></b></p>\n\n<p class=MsoNormal style='line-height:150%'><span style='font-family:\"Lato\",sans-serif;\ncolor:#212529'>A caligrafia é a arte de&nbsp;<strong><span style='font-family:\n\"Lato\",sans-serif;font-weight:normal'>subscrever os nomes dos convidados em\nconvites</span></strong><b>.</b> Ter um convite com caligrafia é sinônimo\nde&nbsp;<strong><span style='font-family:\"Lato\",sans-serif;font-weight:normal'>extrema\nelegância</span></strong><b>,</b> afinal, cada nome é escrito individualmente\ncom um cuidado todo especial. Para o convidado, é como ter ainda mais certeza\nde que ele será bem-vindo para comemorar o casamento ao melhor estilo! A caligrafia\né a maneira mais utilizada de subscrever o&nbsp;<strong><span style='font-family:\n\"Lato\",sans-serif;font-weight:normal'>nome dos convidados em convites de\ncasamento</span></strong><b>.</b> A Grafjet possui um sistema exclusivo de\nCaligrafia Automatizada, onde o nome do convidado é impresso no envelope por\nmeio de máquina e pena especiais, totalmente automatizada, o que reduz a zero a\nperda de envelopes por erro de caligrafia. O resultado é perfeito como uma\ncaligrafia manual.</span></p>\n\n</div>\n\n</body>\n\n</html>"
    }
  ],
  "body": "# Técnicas de Produção\n\nPreparamos breves explicações sobre as nossas técnicas de produção, para que você entenda um pouco melhor os termos que aparecem nas descrições dos nossos produtos e possa escolher seus convites com mais tranquilidade.\n\n \n\n**SERIGRAFIA:**\n\nA serigrafia proporciona um leve relevo e brilho na impressão. Além disso, a serigrafia possibilita a impressão de cores claras em papeis escuros, como uma cor branca sobre um papel azul marinho.\n\nTecnicamente, é realizada a partir de uma tela com a área de impressão vazada que permite a passagem da tinta para o papel.\n\n \n\n**IMPRESSÃO DIGITAL:**\n\nA impressão digital possibilita que textos e imagens sejam reproduzidos sem limitações de número de cores. Ela é muito utilizada para a impressão de forros em envelopes, imagens e até mesmo textos. Por ser uma impressão automatizada, seu processo de produção é rápido e de ótima qualidade. A Grafjet possui máquinas de impressão digital de última geração, possibilitando a impressão em grandes formatos e em diferentes texturas e gramaturas de papel, sempre com alta qualidade de impressão.\n\n \n\n**RELEVO SECO:**\n\nEssa técnica, muito utilizada em convites de casamento, marca o papel gerando um relevo, como o próprio nome sinaliza. A técnica de relevo pode ser aplicada em conjunto com a impressão, destacando ainda mais o elemento, como um monograma ou um símbolo. Tecnicamente, uma placa metálica (clichê) com o desenho a ser destacado é pressionado mecanicamente e com pressão controlada sobre o papel dando o efeito de alto relevo. Um detalhe que deixa o material ainda mais sofisticado e pode **destacar as iniciais ou monograma dos noivos**, como também em algum outro detalhe do convite.\n\n \n\n**HOT STAMPING:**\n\n**O Hot Stamping** é um sistema de impressão para pequenos detalhes, monogramas, nomes ou frases, sendo uma técnica bastante utilizada em convites. O resultado é um **efeito metalizado** na impressão.\n\nTecnicamente, uma placa metálica (clichê) com o desenho a ser destacado é aquecida e pressionada mecanicamente contra a fita metálica que fica entre o clichê e o papel. O efeito metalizado é fixado ao papel apenas nas áreas onde o clichê aquecido o pressionou. **O resultado é um acabamento detalhado e sofisticado.**\n\n \n\n**MOLDURA ALMOFADA:**\n\nA moldura almofada é uma marcação feita em alto relevo no convite interno. Em alguns modelos ela pode ser feita em baixo relevo, onde sua nomenclatura é moldura almofada inversa. Oferece um acabamento elegante ao cartão, chamando atenção dos convidados pelo cuidado especial.\n\nTecnicamente o processo é similar ao de relevo seco, porém são utilizadas facas (moldes) ao invés de clichês.\n\n \n\n**FORRO INTERNO:**\n\nEsse é um dos **acabamentos para envelopes** mais tradicionais e atemporais. É impossível disfarçar a surpresa ao abrir o convite e encontrar um forro criativo – diferente de tudo.\n\nEm nossa loja são disponibilizados diversos modelos com forro interno, desde os mais tradicionais como florais, até os mais contemporâneos e despojados.\n\nTecnicamente, uma impressão é aplicada ao envelope durante seu processo de produção, antes deste ser dobrado e colado. Esta impressão pode ser digital ou serigráfica, dependendo do modelo escolhido.\n\n \n\n**CALIGRAFIA AUTOMATIZADA:**\n\nA caligrafia é a arte de **subscrever os nomes dos convidados em convites.** Ter um convite com caligrafia é sinônimo de **extrema elegância,** afinal, cada nome é escrito individualmente com um cuidado todo especial. Para o convidado, é como ter ainda mais certeza de que ele será bem-vindo para comemorar o casamento ao melhor estilo! A caligrafia é a maneira mais utilizada de subscrever o **nome dos convidados em convites de casamento.** A Grafjet possui um sistema exclusivo de Caligrafia Automatizada, onde o nome do convidado é impresso no envelope por meio de máquina e pena especiais, totalmente automatizada, o que reduz a zero a perda de envelopes por erro de caligrafia. O resultado é perfeito como uma caligrafia manual."
}