{
  "description": {
    "title": "",
    "text": ""
  },
  "links_1": {
    "list_pages": true,
    "title": "LINKS ÚTEIS",
    "list": [
      {
        "text": "Termos e Condições",
        "url": "https://grafjet.netlify.app/pages/termos-e-condicoes"
      },
      {
        "text": " Como Comprar",
        "url": "https://grafjet.netlify.app/pages/como-comprar"
      },
      {
        "text": " Sobre Nós",
        "url": "https://grafjet.netlify.app/pages/sobre-nos"
      },
      {
        "text": " Técnicas de Produção",
        "url": "https://grafjet.netlify.app/pages/tecnicas-de-producao"
      },
      {
        "text": " Política de Privacidade",
        "url": "https://grafjet.netlify.app/pages/privacidade"
      }
    ]
  },
  "links_2": {
    "list_categories": true,
    "title": "CONVITES",
    "list": []
  },
  "contacts": {
    "title": "FALE CONOSCO",
    "phone_wpp": true,
    "socials": true,
    "email": true,
    "address": true
  },
  "stamps": [
    {
      "src": "/img/uploads/ssl-safe.png",
      "alt": "Secure connection"
    }
  ],
  "payment_methods": {
    "pix": true,
    "visa": true,
    "mastercard": true,
    "elo": false,
    "amex": false,
    "hipercard": false,
    "boleto": false
  },
  "credits": ""
}