{
  "marketing_stripe": {
    "text": "Aproveite nossas promoções de lançamento!",
    "link": "",
    "background": "#54320b",
    "color": "#ffffff"
  },
  "contacts_stripe": {
    "pages": [],
    "phone_wpp": false,
    "socials": false
  },
  "categories_list": {
    "featured": [
      "/casamento?CASAMENTO",
      "/15anos?15 ANOS",
      "/aniversario?ANIVERSÁRIO",
      "/corporativos?CORPORATIVOS",
      "/acessorios?ACESSÓRIOS",
      "/infantil?INFANTIL",
      "/barbatmitzva?BAR/BAT MITZVÁ"
    ],
    "random": 0,
    "full_width": true
  },
  "desktop_megamenu": true,
  "search_input": true,
  "alphabetical_order_submenu": true,
  "full_width_submenu": false,
  "centralized_logo": false
}