{
  "meta_title": "",
  "meta_description": "",
  "sections": [
    {
      "type": "banner-slider",
      "autoplay": 6000,
      "full_width": true,
      "slides": [
        {
          "start": "",
          "end": "",
          "img": "/img/uploads/banner1.webp",
          "mobile_img": "/img/uploads/banner1m.webp"
        },
        {
          "start": "",
          "end": "",
          "img": "/img/uploads/banner2.webp",
          "mobile_img": "/img/uploads/banner2m.webp"
        }
      ]
    },
    {
      "type": "collection-shelf",
      "shuffle": true,
      "collection_id": "642dd4ac4bd2e929c1c35497:categories:CASAMENTO:/convites",
      "sort": "views",
      "title": "DESTAQUES",
      "headless": false,
      "limit": 12,
      "page": 1
    },
    {
      "type": "banners-grid",
      "banners": [
        {
          "img": "/img/uploads/b1.webp"
        },
        {
          "img": "/img/uploads/b2.webp"
        },
        {
          "img": "/img/uploads/b3m.webp"
        }
      ]
    }
  ]
}